{"train_generator_loss_step": 0.7193433046340942, "train_discriminator_loss_step": 1.2933448553085327, "epoch": 1, "trainer/global_step": 21, "_timestamp": 1681023644.512338, "_runtime": 86.92668890953064, "_step": 25, "val_discriminator_loss": 2.7962541580200195, "val_generator_loss": 0.6256093382835388, "train_generator_loss_epoch": 0.8519802093505859, "train_discriminator_loss_epoch": 1.2024495601654053, "_wandb": {"runtime": 96}}