{"train_generator_loss_step": 2.15822172164917, "train_discriminator_loss_step": 0.9251452684402466, "epoch": 0, "trainer/global_step": 4, "_timestamp": 1681038774.903678, "_runtime": 14.673027038574219, "_step": 409, "val_discriminator_loss": 1.7737767696380615, "val_generator_loss": 2.1824705600738525, "train_generator_loss_epoch": 2.2825000286102295, "train_discriminator_loss_epoch": 0.9271806478500366, "_wandb": {"runtime": 14}}