{"train_generator_loss_epoch": 0.5306897759437561, "train_discriminator_loss_epoch": 1.095716953277588, "_timestamp": 1681024197.223328, "_runtime": 219.05937218666077, "_step": 51}