{"train_generator_loss_step": 0.7193373441696167, "train_discriminator_loss_step": 1.2993378639221191, "epoch": 7, "trainer/global_step": 23, "_timestamp": 1681018475.9269938, "_runtime": 208.5676839351654, "_step": 39, "val_discriminator_loss": 2.755844831466675, "val_generator_loss": 0.595207691192627, "train_generator_loss_epoch": 0.6841173768043518, "train_discriminator_loss_epoch": 1.3121349811553955, "_wandb": {"runtime": 224}}