{"train_generator_loss_step": 1.0091067552566528, "train_discriminator_loss_step": 1.0772303342819214, "trainer/global_step": 10, "_timestamp": 1681018576.222825, "_runtime": 10.116098165512085, "_step": 10}