{"train_generator_loss_step": 2.9216034412384033, "train_discriminator_loss_step": 1.1124420166015625, "epoch": 0, "trainer/global_step": 4, "_timestamp": 1681039100.995409, "_runtime": 14.326863050460815, "_step": 409, "val_discriminator_loss": 1.2632967233657837, "val_generator_loss": 2.6915345191955566, "train_generator_loss_epoch": 2.8893847465515137, "train_discriminator_loss_epoch": 1.067436933517456, "_wandb": {"runtime": 13}}