{"train_generator_loss_step": 1.0091067552566528, "train_discriminator_loss_step": 1.0772303342819214, "epoch": 0, "trainer/global_step": 10, "_timestamp": 1681018553.600339, "_runtime": 43.81691002845764, "_step": 12, "val_discriminator_loss": 2.113400936126709, "val_generator_loss": 1.0358155965805054, "train_generator_loss_epoch": 1.5848873853683472, "train_discriminator_loss_epoch": 0.899004340171814, "_wandb": {"runtime": 47}}