{"val_discriminator_loss": 1.4936652183532715, "val_generator_loss": 1.8859033584594727, "epoch": 0, "trainer/global_step": 2, "_timestamp": 1681018185.08847, "_runtime": 16.770555019378662, "_step": 1, "train_generator_loss_epoch": 2.0046730041503906, "train_discriminator_loss_epoch": 0.8528923392295837, "_wandb": {"runtime": 35}}